BusCommuters,Date
1074824,04/10/2024
1064324,04/11/2024
1072954,04/12/2024
1074197,04/13/2024
612527,04/14/2024
407917,04/15/2024
806818,04/16/2024
1068455,04/17/2024
1036205,04/18/2024
1030300,04/19/2024
1059316,04/20/2024
654965,04/21/2024
424767,04/22/2024
1057968,04/23/2024
1047657,04/24/2024
1013066,04/25/2024
1014798,04/26/2024
1022926,04/27/2024
626185,04/28/2024
413385,04/29/2024
1041265,04/30/2024
1025525,05/01/2024
1036745,05/02/2024
1000155,05/03/2024
1069031,05/04/2024
647400,05/05/2024
418620,05/06/2024
1072235,05/07/2024
1039244,05/08/2024
972404,05/09/2024
973020,05/10/2024
971318,05/11/2024
663434,05/12/2024
500149,05/13/2024
916380,05/14/2024
972863,05/15/2024
